{
  "auc_roc": 0.7826119851233566,
  "accuracy": 0.7492154854234753,
  "precision": 0.19312246933865385,
  "recall": 0.6628398791540786,
  "f1_score": 0.29910024538762153,
  "threshold_default": 0.5,
  "confusion_matrix": {
    "tn": 42788,
    "fp": 13750,
    "fn": 1674,
    "tp": 3291
  },
  "business_cost": {
    "cost_fn": 16740,
    "cost_fp": 13750,
    "total_cost": 30490
  },
  "optimal_threshold": {
    "threshold": 0.5224719101123596,
    "recall": 0.6388721047331319,
    "precision": 0.20230882071560685,
    "total_cost": 30437,
    "savings": 53,
    "confusion_matrix": {
      "tn": 44031,
      "fp": 12507,
      "fn": 1793,
      "tp": 3172
    }
  },
  "training_info": {
    "train_samples": 246008,
    "val_samples": 61503,
    "n_features": 911,
    "train_time_seconds": 18.26102089881897
  }
}